{"cameraMode":{"drawMode":0,"name":"Shaded","section":"Shading Mode"},"sceneLighting":false,"audioPlay":false,"sceneViewState":{"showFog":true,"showMaterialUpdate":false,"showSkybox":true,"showFlares":true,"showImageEffects":true,"showParticleSystems":true},"in2DMode":false,"pivot":{"x":-24.56479835510254,"y":-0.9076873064041138,"z":56.25611877441406},"rotation":{"x":0.18025031685829163,"y":-0.1352655589580536,"z":0.025033634155988694,"w":0.9739545583724976},"size":70.70015716552735,"orthographic":false}