{"cameraMode":{"drawMode":0,"name":"Shaded","section":"Shading Mode"},"sceneLighting":false,"audioPlay":false,"sceneViewState":{"showFog":true,"showMaterialUpdate":false,"showSkybox":true,"showFlares":true,"showImageEffects":true,"showParticleSystems":true},"in2DMode":false,"pivot":{"x":2.0,"y":5.750001907348633,"z":-2.0000011920928957},"rotation":{"x":0.17666815221309663,"y":-0.6848762035369873,"z":0.17677345871925355,"w":0.6844626069068909},"size":9.370203018188477,"orthographic":false}